{
  "libs2ecore": 3.4922196865081787, 
  "decree": 2.319108486175537, 
  "s2e-env": 2.55842387676239, 
  "klee": 3.2238550186157227, 
  "docs": 2.828785538673401, 
  "libtcg": 2.425836443901062, 
  "libvmi": 3.69816792011261, 
  "build-scripts": 2.343709945678711, 
  "libcpu": 2.6868855953216553, 
  "repo": 3.8991751670837402, 
  "libs2e": 2.2552504539489746, 
  "libs2eplugins": 3.0598745346069336, 
  "qemu": 10.661031484603882, 
  "libcoroutine": 2.8246384859085083, 
  "guest-tools": 2.8953410387039185, 
  "libq": 2.3389071226119995, 
  "tools": 2.7496118545532227, 
  "libfsigcxx": 2.2871495485305786
}